{
  "project_info": {
    "project_number": "15075267445",
    "firebase_url": "https://alquid-login-1571789588670.firebaseio.com",
    "project_id": "alquid-login-1571789588670",
    "storage_bucket": "alquid-login-1571789588670.appspot.com"
  },
  "client": [
    {
      "client_info": {
        "mobilesdk_app_id": "1:15075267445:android:e6e8a26fc689e120a3793c",
        "android_client_info": {
          "package_name": "com.qpa.alquid"
        }
      },
      "oauth_client": [
        {
          "client_id": "15075267445-1aooi12uup8e1uonn7h2p4nc9v757npg.apps.googleusercontent.com",
          "client_type": 1,
          "android_info": {
            "package_name": "com.qpa.alquid",
            "certificate_hash": "6564f0de51d77e0559f30346d71941569e24d657"
          }
        },
        {
          "client_id": "15075267445-oecoc2ebke6031udnlcf4pe5o66jco3q.apps.googleusercontent.com",
          "client_type": 3
        }
      ],
      "api_key": [
        {
          "current_key": "AIzaSyDTdbYxKNsNIPDvMZpvQGoJ0Ys04juQpuw"
        }
      ],
      "services": {
        "appinvite_service": {
          "other_platform_oauth_client": [
            {
              "client_id": "15075267445-oecoc2ebke6031udnlcf4pe5o66jco3q.apps.googleusercontent.com",
              "client_type": 3
            }
          ]
        }
      }
    }
  ],
  "configuration_version": "1"
}